NAME,POPESTIMATE2019,State,Latitude,Longitude,date,pred,truth,state
Alabama,4903185,AL,32.601011199999995,-86.6807365,2020-04-09,862,2703.0,Alabama
Alabama,4903185,AL,32.601011199999995,-86.6807365,2020-04-10,1675,2947.0,Alabama
Alabama,4903185,AL,32.601011199999995,-86.6807365,2020-04-11,2365,3217.0,Alabama
Alabama,4903185,AL,32.601011199999995,-86.6807365,2020-04-12,2894,3563.0,Alabama
Alabama,4903185,AL,32.601011199999995,-86.6807365,2020-04-13,3313,3734.0,Alabama
Alabama,4903185,AL,32.601011199999995,-86.6807365,2020-04-14,3623,3953.0,Alabama
Alabama,4903185,AL,32.601011199999995,-86.6807365,2020-04-15,3859,4075.0,Alabama
Alabama,4903185,AL,32.601011199999995,-86.6807365,2020-04-16,4033,4345.0,Alabama
Alabama,4903185,AL,32.601011199999995,-86.6807365,2020-04-17,4184,4571.0,Alabama
Alabama,4903185,AL,32.601011199999995,-86.6807365,2020-04-18,4326,4712.0,Alabama
Alabama,4903185,AL,32.601011199999995,-86.6807365,2020-04-19,4448,4888.0,Alabama
Alabama,4903185,AL,32.601011199999995,-86.6807365,2020-04-20,4553,5079.0,Alabama
Alabama,4903185,AL,32.601011199999995,-86.6807365,2020-04-21,4645,5317.0,Alabama
Alabama,4903185,AL,32.601011199999995,-86.6807365,2020-04-22,4734,5593.0,Alabama
Alaska,731545,AK,61.3025006,-158.7750198,2020-04-09,72,235.0,Alaska
Alaska,731545,AK,61.3025006,-158.7750198,2020-04-10,135,246.0,Alaska
Alaska,731545,AK,61.3025006,-158.7750198,2020-04-11,181,257.0,Alaska
Alaska,731545,AK,61.3025006,-158.7750198,2020-04-12,213,272.0,Alaska
Alaska,731545,AK,61.3025006,-158.7750198,2020-04-13,235,277.0,Alaska
Alaska,731545,AK,61.3025006,-158.7750198,2020-04-14,250,285.0,Alaska
Alaska,731545,AK,61.3025006,-158.7750198,2020-04-15,260,293.0,Alaska
Alaska,731545,AK,61.3025006,-158.7750198,2020-04-16,267,300.0,Alaska
Alaska,731545,AK,61.3025006,-158.7750198,2020-04-17,273,309.0,Alaska
Alaska,731545,AK,61.3025006,-158.7750198,2020-04-18,277,314.0,Alaska
Alaska,731545,AK,61.3025006,-158.7750198,2020-04-19,281,319.0,Alaska
Alaska,731545,AK,61.3025006,-158.7750198,2020-04-20,284,321.0,Alaska
Alaska,731545,AK,61.3025006,-158.7750198,2020-04-21,287,329.0,Alaska
Alaska,731545,AK,61.3025006,-158.7750198,2020-04-22,289,335.0,Alaska
Arizona,7278717,AZ,34.1682185,-111.930907,2020-04-09,960,3018.0,Arizona
Arizona,7278717,AZ,34.1682185,-111.930907,2020-04-10,1840,3112.0,Arizona
Arizona,7278717,AZ,34.1682185,-111.930907,2020-04-11,2526,3393.0,Arizona
Arizona,7278717,AZ,34.1682185,-111.930907,2020-04-12,3037,3542.0,Arizona
Arizona,7278717,AZ,34.1682185,-111.930907,2020-04-13,3398,3705.0,Arizona
Arizona,7278717,AZ,34.1682185,-111.930907,2020-04-14,3654,3809.0,Arizona
Arizona,7278717,AZ,34.1682185,-111.930907,2020-04-15,3840,3964.0,Arizona
Arizona,7278717,AZ,34.1682185,-111.930907,2020-04-16,3985,4237.0,Arizona
Arizona,7278717,AZ,34.1682185,-111.930907,2020-04-17,4119,4511.0,Arizona
Arizona,7278717,AZ,34.1682185,-111.930907,2020-04-18,4248,4724.0,Arizona
Arizona,7278717,AZ,34.1682185,-111.930907,2020-04-19,4366,4933.0,Arizona
Arizona,7278717,AZ,34.1682185,-111.930907,2020-04-20,4472,5068.0,Arizona
Arizona,7278717,AZ,34.1682185,-111.930907,2020-04-21,4561,5256.0,Arizona
Arizona,7278717,AZ,34.1682185,-111.930907,2020-04-22,4644,5473.0,Arizona
Arkansas,3017804,AR,34.7519275,-92.13137840000002,2020-04-09,378,1119.0,Arkansas
Arkansas,3017804,AR,34.7519275,-92.13137840000002,2020-04-10,729,1171.0,Arkansas
Arkansas,3017804,AR,34.7519275,-92.13137840000002,2020-04-11,1010,1228.0,Arkansas
Arkansas,3017804,AR,34.7519275,-92.13137840000002,2020-04-12,1217,1280.0,Arkansas
Arkansas,3017804,AR,34.7519275,-92.13137840000002,2020-04-13,1363,1410.0,Arkansas
Arkansas,3017804,AR,34.7519275,-92.13137840000002,2020-04-14,1475,1498.0,Arkansas
Arkansas,3017804,AR,34.7519275,-92.13137840000002,2020-04-15,1566,1569.0,Arkansas
Arkansas,3017804,AR,34.7519275,-92.13137840000002,2020-04-16,1641,1620.0,Arkansas
Arkansas,3017804,AR,34.7519275,-92.13137840000002,2020-04-17,1702,1695.0,Arkansas
Arkansas,3017804,AR,34.7519275,-92.13137840000002,2020-04-18,1753,1744.0,Arkansas
Arkansas,3017804,AR,34.7519275,-92.13137840000002,2020-04-19,1795,1781.0,Arkansas
Arkansas,3017804,AR,34.7519275,-92.13137840000002,2020-04-20,1830,1973.0,Arkansas
Arkansas,3017804,AR,34.7519275,-92.13137840000002,2020-04-21,1875,1990.0,Arkansas
Arkansas,3017804,AR,34.7519275,-92.13137840000002,2020-04-22,1912,2276.0,Arkansas
California,39512223,CA,37.2718745,-119.2704153,2020-04-09,6658,19710.0,California
California,39512223,CA,37.2718745,-119.2704153,2020-04-10,12489,21081.0,California
California,39512223,CA,37.2718745,-119.2704153,2020-04-11,17201,21706.0,California
California,39512223,CA,37.2718745,-119.2704153,2020-04-12,20478,22795.0,California
California,39512223,CA,37.2718745,-119.2704153,2020-04-13,22795,23931.0,California
California,39512223,CA,37.2718745,-119.2704153,2020-04-14,24469,25356.000000000004,California
California,39512223,CA,37.2718745,-119.2704153,2020-04-15,25756,26686.0,California
California,39512223,CA,37.2718745,-119.2704153,2020-04-16,26847,27677.0,California
California,39512223,CA,37.2718745,-119.2704153,2020-04-17,27754,29157.0,California
California,39512223,CA,37.2718745,-119.2704153,2020-04-18,28582,30491.0,California
California,39512223,CA,37.2718745,-119.2704153,2020-04-19,29344,31431.000000000004,California
California,39512223,CA,37.2718745,-119.2704153,2020-04-20,29996,33686.0,California
California,39512223,CA,37.2718745,-119.2704153,2020-04-21,30686,35465.0,California
California,39512223,CA,37.2718745,-119.2704153,2020-04-22,31381,37344.0,California
Colorado,5758736,CO,38.9979339,-105.550567,2020-04-09,1957,5654.999999999999,Colorado
Colorado,5758736,CO,38.9979339,-105.550567,2020-04-10,3632,6202.0,Colorado
Colorado,5758736,CO,38.9979339,-105.550567,2020-04-11,4989,6513.000000000001,Colorado
Colorado,5758736,CO,38.9979339,-105.550567,2020-04-12,5966,7307.0,Colorado
Colorado,5758736,CO,38.9979339,-105.550567,2020-04-13,6741,7691.0,Colorado
Colorado,5758736,CO,38.9979339,-105.550567,2020-04-14,7326,7950.0,Colorado
Colorado,5758736,CO,38.9979339,-105.550567,2020-04-15,7746,7956.0,Colorado
Colorado,5758736,CO,38.9979339,-105.550567,2020-04-16,8023,8286.0,Colorado
Colorado,5758736,CO,38.9979339,-105.550567,2020-04-17,8243,8691.0,Colorado
Colorado,5758736,CO,38.9979339,-105.550567,2020-04-18,8437,9047.0,Colorado
Colorado,5758736,CO,38.9979339,-105.550567,2020-04-19,8619,9730.0,Colorado
Colorado,5758736,CO,38.9979339,-105.550567,2020-04-20,8830,9730.0,Colorado
Colorado,5758736,CO,38.9979339,-105.550567,2020-04-21,8996,10473.0,Colorado
Colorado,5758736,CO,38.9979339,-105.550567,2020-04-22,9180,10891.0,Colorado
Connecticut,3565287,CT,41.51878350000001,-72.75750699999998,2020-04-09,2979,9784.0,Connecticut
Connecticut,3565287,CT,41.51878350000001,-72.75750699999998,2020-04-10,6017,10538.0,Connecticut
Connecticut,3565287,CT,41.51878350000001,-72.75750699999998,2020-04-11,8684,11510.0,Connecticut
Connecticut,3565287,CT,41.51878350000001,-72.75750699999998,2020-04-12,10765,12034.999999999998,Connecticut
Connecticut,3565287,CT,41.51878350000001,-72.75750699999998,2020-04-13,12294,13381.0,Connecticut
Connecticut,3565287,CT,41.51878350000001,-72.75750699999998,2020-04-14,13578,13988.999999999998,Connecticut
Connecticut,3565287,CT,41.51878350000001,-72.75750699999998,2020-04-15,14563,14755.000000000002,Connecticut
Connecticut,3565287,CT,41.51878350000001,-72.75750699999998,2020-04-16,15338,15884.0,Connecticut
Connecticut,3565287,CT,41.51878350000001,-72.75750699999998,2020-04-17,16058,16809.0,Connecticut
Connecticut,3565287,CT,41.51878350000001,-72.75750699999998,2020-04-18,16711,17550.0,Connecticut
Connecticut,3565287,CT,41.51878350000001,-72.75750699999998,2020-04-19,17296,17962.0,Connecticut
Connecticut,3565287,CT,41.51878350000001,-72.75750699999998,2020-04-20,17750,19815.0,Connecticut
Connecticut,3565287,CT,41.51878350000001,-72.75750699999998,2020-04-21,18263,20360.0,Connecticut
Connecticut,3565287,CT,41.51878350000001,-72.75750699999998,2020-04-22,18726,22469.0,Connecticut
Delaware,973764,DE,39.145251,-75.41892059999998,2020-04-09,436,1209.0,Delaware
Delaware,973764,DE,39.145251,-75.41892059999998,2020-04-10,824,1326.0,Delaware
Delaware,973764,DE,39.145251,-75.41892059999998,2020-04-11,1160,1479.0,Delaware
Delaware,973764,DE,39.145251,-75.41892059999998,2020-04-12,1436,1625.0,Delaware
Delaware,973764,DE,39.145251,-75.41892059999998,2020-04-13,1660,1758.0000000000002,Delaware
Delaware,973764,DE,39.145251,-75.41892059999998,2020-04-14,1841,1926.0,Delaware
Delaware,973764,DE,39.145251,-75.41892059999998,2020-04-15,1993,2014.0,Delaware
Delaware,973764,DE,39.145251,-75.41892059999998,2020-04-16,2118,2070.0,Delaware
Delaware,973764,DE,39.145251,-75.41892059999998,2020-04-17,2214,2317.0,Delaware
Delaware,973764,DE,39.145251,-75.41892059999998,2020-04-18,2317,2538.0,Delaware
Delaware,973764,DE,39.145251,-75.41892059999998,2020-04-19,2423,2538.0,Delaware
Delaware,973764,DE,39.145251,-75.41892059999998,2020-04-20,2505,2745.0,Delaware
Delaware,973764,DE,39.145251,-75.41892059999998,2020-04-21,2582,2931.0,Delaware
Delaware,973764,DE,39.145251,-75.41892059999998,2020-04-22,2656,3200.0,Delaware
District of Columbia,705749,DC,38.8993487,-77.0145666,2020-04-09,515,1523.0,District of Columbia
District of Columbia,705749,DC,38.8993487,-77.0145666,2020-04-10,966,1660.0,District of Columbia
District of Columbia,705749,DC,38.8993487,-77.0145666,2020-04-11,1342,1777.9999999999998,District of Columbia
District of Columbia,705749,DC,38.8993487,-77.0145666,2020-04-12,1628,1875.0,District of Columbia
District of Columbia,705749,DC,38.8993487,-77.0145666,2020-04-13,1838,1955.0,District of Columbia
District of Columbia,705749,DC,38.8993487,-77.0145666,2020-04-14,1992,2058.0,District of Columbia
District of Columbia,705749,DC,38.8993487,-77.0145666,2020-04-15,2109,2197.0,District of Columbia
District of Columbia,705749,DC,38.8993487,-77.0145666,2020-04-16,2209,2350.0,District of Columbia
District of Columbia,705749,DC,38.8993487,-77.0145666,2020-04-17,2301,2476.0,District of Columbia
District of Columbia,705749,DC,38.8993487,-77.0145666,2020-04-18,2386,2666.0,District of Columbia
District of Columbia,705749,DC,38.8993487,-77.0145666,2020-04-19,2472,2793.0,District of Columbia
District of Columbia,705749,DC,38.8993487,-77.0145666,2020-04-20,2548,2927.0,District of Columbia
District of Columbia,705749,DC,38.8993487,-77.0145666,2020-04-21,2617,3098.0,District of Columbia
District of Columbia,705749,DC,38.8993487,-77.0145666,2020-04-22,2683,3206.0,District of Columbia
Florida,21477737,FL,27.9757279,-83.8330166,2020-04-09,5208,16364.000000000002,Florida
Florida,21477737,FL,27.9757279,-83.8330166,2020-04-10,9831,17531.0,Florida
Florida,21477737,FL,27.9757279,-83.8330166,2020-04-11,13519,18494.0,Florida
Florida,21477737,FL,27.9757279,-83.8330166,2020-04-12,16158,19895.0,Florida
Florida,21477737,FL,27.9757279,-83.8330166,2020-04-13,18075,21019.0,Florida
Florida,21477737,FL,27.9757279,-83.8330166,2020-04-14,19474,21628.0,Florida
Florida,21477737,FL,27.9757279,-83.8330166,2020-04-15,20496,22511.0,Florida
Florida,21477737,FL,27.9757279,-83.8330166,2020-04-16,21281,23343.0,Florida
Florida,21477737,FL,27.9757279,-83.8330166,2020-04-17,21907,24759.0,Florida
Florida,21477737,FL,27.9757279,-83.8330166,2020-04-18,22483,25492.0,Florida
Florida,21477737,FL,27.9757279,-83.8330166,2020-04-19,22984,26314.0,Florida
Florida,21477737,FL,27.9757279,-83.8330166,2020-04-20,23434,27059.0,Florida
Florida,21477737,FL,27.9757279,-83.8330166,2020-04-21,23829,27869.0,Florida
Florida,21477737,FL,27.9757279,-83.8330166,2020-04-22,24186,28309.0,Florida
Georgia,10617423,GA,32.6781248,-83.22297569999998,2020-04-09,3579,10566.0,Georgia
Georgia,10617423,GA,32.6781248,-83.22297569999998,2020-04-10,6763,11485.0,Georgia
Georgia,10617423,GA,32.6781248,-83.22297569999998,2020-04-11,9401,12159.0,Georgia
Georgia,10617423,GA,32.6781248,-83.22297569999998,2020-04-12,11332,12452.0,Georgia
Georgia,10617423,GA,32.6781248,-83.22297569999998,2020-04-13,12653,13315.0,Georgia
Georgia,10617423,GA,32.6781248,-83.22297569999998,2020-04-14,13635,14578.0,Georgia
Georgia,10617423,GA,32.6781248,-83.22297569999998,2020-04-15,14494,14987.0,Georgia
Georgia,10617423,GA,32.6781248,-83.22297569999998,2020-04-16,15171,15669.0,Georgia
Georgia,10617423,GA,32.6781248,-83.22297569999998,2020-04-17,15733,17194.0,Georgia
Georgia,10617423,GA,32.6781248,-83.22297569999998,2020-04-18,16312,17669.0,Georgia
Georgia,10617423,GA,32.6781248,-83.22297569999998,2020-04-19,16801,18301.0,Georgia
Georgia,10617423,GA,32.6781248,-83.22297569999998,2020-04-20,17209,19407.0,Georgia
Georgia,10617423,GA,32.6781248,-83.22297569999998,2020-04-21,17611,19881.0,Georgia
Georgia,10617423,GA,32.6781248,-83.22297569999998,2020-04-22,17966,21214.0,Georgia
Hawaii,1415872,HI,20.46,-157.505,2020-04-09,129,442.00000000000006,Hawaii
Hawaii,1415872,HI,20.46,-157.505,2020-04-10,244,442.00000000000006,Hawaii
Hawaii,1415872,HI,20.46,-157.505,2020-04-11,327,465.0,Hawaii
Hawaii,1415872,HI,20.46,-157.505,2020-04-12,383,499.0,Hawaii
Hawaii,1415872,HI,20.46,-157.505,2020-04-13,423,504.0,Hawaii
Hawaii,1415872,HI,20.46,-157.505,2020-04-14,448,511.0,Hawaii
Hawaii,1415872,HI,20.46,-157.505,2020-04-15,465,524.0,Hawaii
Hawaii,1415872,HI,20.46,-157.505,2020-04-16,476,530.0,Hawaii
Hawaii,1415872,HI,20.46,-157.505,2020-04-17,484,541.0,Hawaii
Hawaii,1415872,HI,20.46,-157.505,2020-04-18,491,574.0,Hawaii
Hawaii,1415872,HI,20.46,-157.505,2020-04-19,498,580.0,Hawaii
Hawaii,1415872,HI,20.46,-157.505,2020-04-20,505,584.0,Hawaii
Hawaii,1415872,HI,20.46,-157.505,2020-04-21,510,586.0,Hawaii
Hawaii,1415872,HI,20.46,-157.505,2020-04-22,513,592.0,Hawaii
Idaho,1787065,ID,45.4945756,-114.1424303,2020-04-09,386,1232.0,Idaho
Idaho,1787065,ID,45.4945756,-114.1424303,2020-04-10,714,1354.0,Idaho
Idaho,1787065,ID,45.4945756,-114.1424303,2020-04-11,970,1396.0,Idaho
Idaho,1787065,ID,45.4945756,-114.1424303,2020-04-12,1144,1407.0,Idaho
Idaho,1787065,ID,45.4945756,-114.1424303,2020-04-13,1254,1426.0,Idaho
Idaho,1787065,ID,45.4945756,-114.1424303,2020-04-14,1322,1464.0,Idaho
Idaho,1787065,ID,45.4945756,-114.1424303,2020-04-15,1368,1473.0,Idaho
Idaho,1787065,ID,45.4945756,-114.1424303,2020-04-16,1399,1587.0,Idaho
Idaho,1787065,ID,45.4945756,-114.1424303,2020-04-17,1429,1609.0,Idaho
Idaho,1787065,ID,45.4945756,-114.1424303,2020-04-18,1454,1655.0,Idaho
Idaho,1787065,ID,45.4945756,-114.1424303,2020-04-19,1477,1668.0,Idaho
Idaho,1787065,ID,45.4945756,-114.1424303,2020-04-20,1494,1672.0,Idaho
Idaho,1787065,ID,45.4945756,-114.1424303,2020-04-21,1507,1736.0,Idaho
Idaho,1787065,ID,45.4945756,-114.1424303,2020-04-22,1521,1765.9999999999998,Idaho
Illinois,12671821,IL,39.739318,-89.504139,2020-04-09,5582,16422.0,Illinois
Illinois,12671821,IL,39.739318,-89.504139,2020-04-10,10546,17887.0,Illinois
Illinois,12671821,IL,39.739318,-89.504139,2020-04-11,14741,19180.0,Illinois
Illinois,12671821,IL,39.739318,-89.504139,2020-04-12,17942,20852.0,Illinois
Illinois,12671821,IL,39.739318,-89.504139,2020-04-13,20401,22025.0,Illinois
Illinois,12671821,IL,39.739318,-89.504139,2020-04-14,22207,23248.0,Illinois
Illinois,12671821,IL,39.739318,-89.504139,2020-04-15,23589,24593.0,Illinois
Illinois,12671821,IL,39.739318,-89.504139,2020-04-16,24750,25734.0,Illinois
Illinois,12671821,IL,39.739318,-89.504139,2020-04-17,25714,27578.0,Illinois
Illinois,12671821,IL,39.739318,-89.504139,2020-04-18,26665,29160.0,Illinois
Illinois,12671821,IL,39.739318,-89.504139,2020-04-19,27540,30357.0,Illinois
Illinois,12671821,IL,39.739318,-89.504139,2020-04-20,28299,31513.0,Illinois
Illinois,12671821,IL,39.739318,-89.504139,2020-04-21,28966,33059.0,Illinois
Illinois,12671821,IL,39.739318,-89.504139,2020-04-22,29585,35107.0,Illinois
Indiana,6732219,IN,39.7662195,-86.441277,2020-04-09,2087,6351.000000000001,Indiana
Indiana,6732219,IN,39.7662195,-86.441277,2020-04-10,3931,6906.999999999999,Indiana
Indiana,6732219,IN,39.7662195,-86.441277,2020-04-11,5460,7434.999999999999,Indiana
Indiana,6732219,IN,39.7662195,-86.441277,2020-04-12,6613,7928.000000000001,Indiana
Indiana,6732219,IN,39.7662195,-86.441277,2020-04-13,7471,8359.0,Indiana
Indiana,6732219,IN,39.7662195,-86.441277,2020-04-14,8101,8527.0,Indiana
Indiana,6732219,IN,39.7662195,-86.441277,2020-04-15,8539,8960.0,Indiana
Indiana,6732219,IN,39.7662195,-86.441277,2020-04-16,8890,9542.0,Indiana
Indiana,6732219,IN,39.7662195,-86.441277,2020-04-17,9208,10154.0,Indiana
Indiana,6732219,IN,39.7662195,-86.441277,2020-04-18,9522,10641.0,Indiana
Indiana,6732219,IN,39.7662195,-86.441277,2020-04-19,9805,11211.0,Indiana
Indiana,6732219,IN,39.7662195,-86.441277,2020-04-20,10071,11688.0,Indiana
Indiana,6732219,IN,39.7662195,-86.441277,2020-04-21,10308,12097.0,Indiana
Indiana,6732219,IN,39.7662195,-86.441277,2020-04-22,10514,12438.0,Indiana
Iowa,3155070,IA,41.9383166,-93.389798,2020-04-09,424,1270.0,Iowa
Iowa,3155070,IA,41.9383166,-93.389798,2020-04-10,814,1388.0,Iowa
Iowa,3155070,IA,41.9383166,-93.389798,2020-04-11,1160,1510.0,Iowa
Iowa,3155070,IA,41.9383166,-93.389798,2020-04-12,1449,1587.0,Iowa
Iowa,3155070,IA,41.9383166,-93.389798,2020-04-13,1671,1710.0,Iowa
Iowa,3155070,IA,41.9383166,-93.389798,2020-04-14,1843,1899.0,Iowa
Iowa,3155070,IA,41.9383166,-93.389798,2020-04-15,1999,1995.0,Iowa
Iowa,3155070,IA,41.9383166,-93.389798,2020-04-16,2135,2141.0,Iowa
Iowa,3155070,IA,41.9383166,-93.389798,2020-04-17,2259,2332.0,Iowa
Iowa,3155070,IA,41.9383166,-93.389798,2020-04-18,2386,2513.0,Iowa
Iowa,3155070,IA,41.9383166,-93.389798,2020-04-19,2509,2902.0,Iowa
Iowa,3155070,IA,41.9383166,-93.389798,2020-04-20,2652,3159.0,Iowa
Iowa,3155070,IA,41.9383166,-93.389798,2020-04-21,2794,3641.0,Iowa
Iowa,3155070,IA,41.9383166,-93.389798,2020-04-22,2950,3748.0,Iowa
Kansas,2913314,KS,38.4987789,-98.32007790000002,2020-04-09,386,1116.0,Kansas
Kansas,2913314,KS,38.4987789,-98.32007790000002,2020-04-10,727,1117.0,Kansas
Kansas,2913314,KS,38.4987789,-98.32007790000002,2020-04-11,991,1275.0,Kansas
Kansas,2913314,KS,38.4987789,-98.32007790000002,2020-04-12,1202,1344.0,Kansas
Kansas,2913314,KS,38.4987789,-98.32007790000002,2020-04-13,1359,1390.0,Kansas
Kansas,2913314,KS,38.4987789,-98.32007790000002,2020-04-14,1468,1441.0,Kansas
Kansas,2913314,KS,38.4987789,-98.32007790000002,2020-04-15,1548,1504.0,Kansas
Kansas,2913314,KS,38.4987789,-98.32007790000002,2020-04-16,1613,1615.0,Kansas
Kansas,2913314,KS,38.4987789,-98.32007790000002,2020-04-17,1675,1730.0,Kansas
Kansas,2913314,KS,38.4987789,-98.32007790000002,2020-04-18,1736,1821.0,Kansas
Kansas,2913314,KS,38.4987789,-98.32007790000002,2020-04-19,1793,1905.0,Kansas
Kansas,2913314,KS,38.4987789,-98.32007790000002,2020-04-20,1845,2048.0,Kansas
Kansas,2913314,KS,38.4987789,-98.32007790000002,2020-04-21,1897,2164.0,Kansas
Kansas,2913314,KS,38.4987789,-98.32007790000002,2020-04-22,1946,2331.0,Kansas
Kentucky,4467673,KY,37.8222935,-85.76823990000003,2020-04-09,418,1341.0,Kentucky
Kentucky,4467673,KY,37.8222935,-85.76823990000003,2020-04-10,829,1692.9999999999998,Kentucky
Kentucky,4467673,KY,37.8222935,-85.76823990000003,2020-04-11,1245,1692.9999999999998,Kentucky
Kentucky,4467673,KY,37.8222935,-85.76823990000003,2020-04-12,1555,1963.0,Kentucky
Kentucky,4467673,KY,37.8222935,-85.76823990000003,2020-04-13,1818,2018.0,Kentucky
Kentucky,4467673,KY,37.8222935,-85.76823990000003,2020-04-14,2010,2048.0,Kentucky
Kentucky,4467673,KY,37.8222935,-85.76823990000003,2020-04-15,2144,2210.0,Kentucky
Kentucky,4467673,KY,37.8222935,-85.76823990000003,2020-04-16,2251,2435.0,Kentucky
Kentucky,4467673,KY,37.8222935,-85.76823990000003,2020-04-17,2360,2522.0,Kentucky
Kentucky,4467673,KY,37.8222935,-85.76823990000003,2020-04-18,2456,2707.0,Kentucky
Kentucky,4467673,KY,37.8222935,-85.76823990000003,2020-04-19,2547,2960.0,Kentucky
Kentucky,4467673,KY,37.8222935,-85.76823990000003,2020-04-20,2645,3050.0,Kentucky
Kentucky,4467673,KY,37.8222935,-85.76823990000003,2020-04-21,2729,3204.0,Kentucky
Kentucky,4467673,KY,37.8222935,-85.76823990000003,2020-04-22,2804,3378.0,Kentucky
Louisiana,4648794,LA,30.9733766,-91.4299097,2020-04-09,5434,18283.0,Louisiana
Louisiana,4648794,LA,30.9733766,-91.4299097,2020-04-10,10221,19253.0,Louisiana
Louisiana,4648794,LA,30.9733766,-91.4299097,2020-04-11,13829,20014.0,Louisiana
Louisiana,4648794,LA,30.9733766,-91.4299097,2020-04-12,16311,20595.0,Louisiana
Louisiana,4648794,LA,30.9733766,-91.4299097,2020-04-13,17950,21016.0,Louisiana
Louisiana,4648794,LA,30.9733766,-91.4299097,2020-04-14,19000,21518.0,Louisiana
Louisiana,4648794,LA,30.9733766,-91.4299097,2020-04-15,19701,21951.0,Louisiana
Louisiana,4648794,LA,30.9733766,-91.4299097,2020-04-16,20194,22532.0,Louisiana
Louisiana,4648794,LA,30.9733766,-91.4299097,2020-04-17,20585,23118.0,Louisiana
Louisiana,4648794,LA,30.9733766,-91.4299097,2020-04-18,20919,23580.0,Louisiana
Louisiana,4648794,LA,30.9733766,-91.4299097,2020-04-19,21195,23928.0,Louisiana
Louisiana,4648794,LA,30.9733766,-91.4299097,2020-04-20,21426,24523.0,Louisiana
Louisiana,4648794,LA,30.9733766,-91.4299097,2020-04-21,21637,24854.0,Louisiana
Louisiana,4648794,LA,30.9733766,-91.4299097,2020-04-22,21823,25258.0,Louisiana
Maine,1344212,ME,45.2185133,-69.0148656,2020-04-09,178,560.0,Maine
Maine,1344212,ME,45.2185133,-69.0148656,2020-04-10,334,586.0,Maine
Maine,1344212,ME,45.2185133,-69.0148656,2020-04-11,454,616.0,Maine
Maine,1344212,ME,45.2185133,-69.0148656,2020-04-12,538,633.0,Maine
Maine,1344212,ME,45.2185133,-69.0148656,2020-04-13,595,698.0,Maine
Maine,1344212,ME,45.2185133,-69.0148656,2020-04-14,638,735.0,Maine
Maine,1344212,ME,45.2185133,-69.0148656,2020-04-15,673,770.0,Maine
Maine,1344212,ME,45.2185133,-69.0148656,2020-04-16,699,796.0,Maine
Maine,1344212,ME,45.2185133,-69.0148656,2020-04-17,720,827.0,Maine
Maine,1344212,ME,45.2185133,-69.0148656,2020-04-18,737,847.0,Maine
Maine,1344212,ME,45.2185133,-69.0148656,2020-04-19,751,867.0,Maine
Maine,1344212,ME,45.2185133,-69.0148656,2020-04-20,763,875.0,Maine
Maine,1344212,ME,45.2185133,-69.0148656,2020-04-21,773,888.0,Maine
Maine,1344212,ME,45.2185133,-69.0148656,2020-04-22,781,907.0,Maine
Maryland,6045680,MD,38.8063524,-77.2684162,2020-04-09,2058,6185.0,Maryland
Maryland,6045680,MD,38.8063524,-77.2684162,2020-04-10,3933,6968.0,Maryland
Maryland,6045680,MD,38.8063524,-77.2684162,2020-04-11,5607,7694.000000000001,Maryland
Maryland,6045680,MD,38.8063524,-77.2684162,2020-04-12,6955,8225.0,Maryland
Maryland,6045680,MD,38.8063524,-77.2684162,2020-04-13,8004,8936.0,Maryland
Maryland,6045680,MD,38.8063524,-77.2684162,2020-04-14,8819,9472.0,Maryland
Maryland,6045680,MD,38.8063524,-77.2684162,2020-04-15,9456,10032.0,Maryland
Maryland,6045680,MD,38.8063524,-77.2684162,2020-04-16,9993,10784.0,Maryland
Maryland,6045680,MD,38.8063524,-77.2684162,2020-04-17,10482,11572.0,Maryland
Maryland,6045680,MD,38.8063524,-77.2684162,2020-04-18,10950,12326.0,Maryland
Maryland,6045680,MD,38.8063524,-77.2684162,2020-04-19,11377,12847.0,Maryland
Maryland,6045680,MD,38.8063524,-77.2684162,2020-04-20,11750,13684.0,Maryland
Maryland,6045680,MD,38.8063524,-77.2684162,2020-04-21,12096,14193.0,Maryland
Maryland,6045680,MD,38.8063524,-77.2684162,2020-04-22,12398,14775.0,Maryland
Massachusetts,6892503,MA,42.0629398,-71.718067,2020-04-09,5980,18941.0,Massachusetts
Massachusetts,6892503,MA,42.0629398,-71.718067,2020-04-10,11581,20974.0,Massachusetts
Massachusetts,6892503,MA,42.0629398,-71.718067,2020-04-11,16530,22860.000000000004,Massachusetts
Massachusetts,6892503,MA,42.0629398,-71.718067,2020-04-12,20411,25475.0,Massachusetts
Massachusetts,6892503,MA,42.0629398,-71.718067,2020-04-13,23559,26867.000000000004,Massachusetts
Massachusetts,6892503,MA,42.0629398,-71.718067,2020-04-14,26024,28164.0,Massachusetts
Massachusetts,6892503,MA,42.0629398,-71.718067,2020-04-15,27851,29918.000000000004,Massachusetts
Massachusetts,6892503,MA,42.0629398,-71.718067,2020-04-16,29333,32181.0,Massachusetts
Massachusetts,6892503,MA,42.0629398,-71.718067,2020-04-17,30698,34402.0,Massachusetts
Massachusetts,6892503,MA,42.0629398,-71.718067,2020-04-18,31971,36372.0,Massachusetts
Massachusetts,6892503,MA,42.0629398,-71.718067,2020-04-19,33180,38077.0,Massachusetts
Massachusetts,6892503,MA,42.0629398,-71.718067,2020-04-20,34223,38077.0,Massachusetts
Massachusetts,6892503,MA,42.0629398,-71.718067,2020-04-21,34977,41199.0,Massachusetts
Massachusetts,6892503,MA,42.0629398,-71.718067,2020-04-22,35773,42944.0,Massachusetts
Michigan,9986857,MI,44.9435598,-86.41580490000003,2020-04-09,6836,21504.0,Michigan
Michigan,9986857,MI,44.9435598,-86.41580490000003,2020-04-10,12806,22434.0,Michigan
Michigan,9986857,MI,44.9435598,-86.41580490000003,2020-04-11,17344,23605.0,Michigan
Michigan,9986857,MI,44.9435598,-86.41580490000003,2020-04-12,20536,24244.0,Michigan
Michigan,9986857,MI,44.9435598,-86.41580490000003,2020-04-13,22701,25635.0,Michigan
Michigan,9986857,MI,44.9435598,-86.41580490000003,2020-04-14,24225,27001.0,Michigan
Michigan,9986857,MI,44.9435598,-86.41580490000003,2020-04-15,25364,28059.0,Michigan
Michigan,9986857,MI,44.9435598,-86.41580490000003,2020-04-16,26274,28809.0,Michigan
Michigan,9986857,MI,44.9435598,-86.41580490000003,2020-04-17,26960,30023.0,Michigan
Michigan,9986857,MI,44.9435598,-86.41580490000003,2020-04-18,27591,30791.0,Michigan
Michigan,9986857,MI,44.9435598,-86.41580490000003,2020-04-19,28117,31424.0,Michigan
Michigan,9986857,MI,44.9435598,-86.41580490000003,2020-04-20,28547,32000.0,Michigan
Michigan,9986857,MI,44.9435598,-86.41580490000003,2020-04-21,28899,32667.0,Michigan
Michigan,9986857,MI,44.9435598,-86.41580490000003,2020-04-22,29201,33966.0,Michigan
Minnesota,5639632,MN,46.4418595,-93.3655146,2020-04-09,430,1240.0,Minnesota
Minnesota,5639632,MN,46.4418595,-93.3655146,2020-04-10,811,1336.0,Minnesota
Minnesota,5639632,MN,46.4418595,-93.3655146,2020-04-11,1128,1427.0,Minnesota
Minnesota,5639632,MN,46.4418595,-93.3655146,2020-04-12,1368,1620.9999999999998,Minnesota
Minnesota,5639632,MN,46.4418595,-93.3655146,2020-04-13,1565,1620.9999999999998,Minnesota
Minnesota,5639632,MN,46.4418595,-93.3655146,2020-04-14,1700,1695.0,Minnesota
Minnesota,5639632,MN,46.4418595,-93.3655146,2020-04-15,1799,1809.0,Minnesota
Minnesota,5639632,MN,46.4418595,-93.3655146,2020-04-16,1881,1809.0,Minnesota
Minnesota,5639632,MN,46.4418595,-93.3655146,2020-04-17,1940,2070.0,Minnesota
Minnesota,5639632,MN,46.4418595,-93.3655146,2020-04-18,2013,2209.0,Minnesota
Minnesota,5639632,MN,46.4418595,-93.3655146,2020-04-19,2089,2356.0,Minnesota
Minnesota,5639632,MN,46.4418595,-93.3655146,2020-04-20,2163,2470.0,Minnesota
Minnesota,5639632,MN,46.4418595,-93.3655146,2020-04-21,2228,2567.0,Minnesota
Minnesota,5639632,MN,46.4418595,-93.3655146,2020-04-22,2282,2722.0,Minnesota
Mississippi,2976149,MS,32.5851062,-89.8772196,2020-04-09,742,2260.0,Mississippi
Mississippi,2976149,MS,32.5851062,-89.8772196,2020-04-10,1421,2469.0,Mississippi
Mississippi,2976149,MS,32.5851062,-89.8772196,2020-04-11,1998,2642.0,Mississippi
Mississippi,2976149,MS,32.5851062,-89.8772196,2020-04-12,2437,2781.0,Mississippi
Mississippi,2976149,MS,32.5851062,-89.8772196,2020-04-13,2765,2941.9999999999995,Mississippi
Mississippi,2976149,MS,32.5851062,-89.8772196,2020-04-14,3005,3087.0000000000005,Mississippi
Mississippi,2976149,MS,32.5851062,-89.8772196,2020-04-15,3188,3360.0,Mississippi
Mississippi,2976149,MS,32.5851062,-89.8772196,2020-04-16,3349,3624.0,Mississippi
Mississippi,2976149,MS,32.5851062,-89.8772196,2020-04-17,3504,3793.0,Mississippi
Mississippi,2976149,MS,32.5851062,-89.8772196,2020-04-18,3643,3974.0,Mississippi
Mississippi,2976149,MS,32.5851062,-89.8772196,2020-04-19,3766,4274.0,Mississippi
Mississippi,2976149,MS,32.5851062,-89.8772196,2020-04-20,3889,4512.0,Mississippi
Mississippi,2976149,MS,32.5851062,-89.8772196,2020-04-21,4002,4716.0,Mississippi
Mississippi,2976149,MS,32.5851062,-89.8772196,2020-04-22,4103,4894.0,Mississippi
Missouri,6137428,MO,38.3046615,-92.437099,2020-04-09,1119,3432.0,Missouri
Missouri,6137428,MO,38.3046615,-92.437099,2020-04-10,2115,3897.0,Missouri
Missouri,6137428,MO,38.3046615,-92.437099,2020-04-11,2951,4108.0,Missouri
Missouri,6137428,MO,38.3046615,-92.437099,2020-04-12,3565,4269.0,Missouri
Missouri,6137428,MO,38.3046615,-92.437099,2020-04-13,3987,4515.0,Missouri
Missouri,6137428,MO,38.3046615,-92.437099,2020-04-14,4289,4746.0,Missouri
Missouri,6137428,MO,38.3046615,-92.437099,2020-04-15,4522,4791.0,Missouri
Missouri,6137428,MO,38.3046615,-92.437099,2020-04-16,4684,5174.0,Missouri
Missouri,6137428,MO,38.3046615,-92.437099,2020-04-17,4836,5371.0,Missouri
Missouri,6137428,MO,38.3046615,-92.437099,2020-04-18,4975,5579.0,Missouri
Missouri,6137428,MO,38.3046615,-92.437099,2020-04-19,5097,5743.0,Missouri
Missouri,6137428,MO,38.3046615,-92.437099,2020-04-20,5200,5890.0,Missouri
Missouri,6137428,MO,38.3046615,-92.437099,2020-04-21,5285,6066.0,Missouri
Missouri,6137428,MO,38.3046615,-92.437099,2020-04-22,5363,6277.0,Missouri
Montana,1068778,MT,46.6797995,-110.044783,2020-04-09,102,354.0,Montana
Montana,1068778,MT,46.6797995,-110.044783,2020-04-10,191,365.0,Montana
Montana,1068778,MT,46.6797995,-110.044783,2020-04-11,255,377.0,Montana
Montana,1068778,MT,46.6797995,-110.044783,2020-04-12,298,387.0,Montana
Montana,1068778,MT,46.6797995,-110.044783,2020-04-13,325,394.0,Montana
Montana,1068778,MT,46.6797995,-110.044783,2020-04-14,343,399.0,Montana
Montana,1068778,MT,46.6797995,-110.044783,2020-04-15,353,404.0,Montana
Montana,1068778,MT,46.6797995,-110.044783,2020-04-16,361,415.0,Montana
Montana,1068778,MT,46.6797995,-110.044783,2020-04-17,366,422.0,Montana
Montana,1068778,MT,46.6797995,-110.044783,2020-04-18,371,426.0,Montana
Montana,1068778,MT,46.6797995,-110.044783,2020-04-19,374,433.0,Montana
Montana,1068778,MT,46.6797995,-110.044783,2020-04-20,377,433.0,Montana
Montana,1068778,MT,46.6797995,-110.044783,2020-04-21,380,437.0,Montana
Montana,1068778,MT,46.6797995,-110.044783,2020-04-22,382,439.0,Montana
Nebraska,1934408,NE,41.5008195,-99.680902,2020-04-09,198,568.0,Nebraska
Nebraska,1934408,NE,41.5008195,-99.680902,2020-04-10,381,635.0,Nebraska
Nebraska,1934408,NE,41.5008195,-99.680902,2020-04-11,546,699.0,Nebraska
Nebraska,1934408,NE,41.5008195,-99.680902,2020-04-12,688,791.0,Nebraska
Nebraska,1934408,NE,41.5008195,-99.680902,2020-04-13,809,814.0,Nebraska
Nebraska,1934408,NE,41.5008195,-99.680902,2020-04-14,900,897.0,Nebraska
Nebraska,1934408,NE,41.5008195,-99.680902,2020-04-15,978,901.0,Nebraska
Nebraska,1934408,NE,41.5008195,-99.680902,2020-04-16,1037,952.0,Nebraska
Nebraska,1934408,NE,41.5008195,-99.680902,2020-04-17,1089,1066.0,Nebraska
Nebraska,1934408,NE,41.5008195,-99.680902,2020-04-18,1146,1249.0,Nebraska
Nebraska,1934408,NE,41.5008195,-99.680902,2020-04-19,1219,1474.0,Nebraska
Nebraska,1934408,NE,41.5008195,-99.680902,2020-04-20,1307,1648.0,Nebraska
Nebraska,1934408,NE,41.5008195,-99.680902,2020-04-21,1394,1685.0,Nebraska
Nebraska,1934408,NE,41.5008195,-99.680902,2020-04-22,1462,1813.0,Nebraska
Nevada,3080156,NV,38.502032,-117.0230604,2020-04-09,773,2456.0,Nevada
Nevada,3080156,NV,38.502032,-117.0230604,2020-04-10,1474,2722.0,Nevada
Nevada,3080156,NV,38.502032,-117.0230604,2020-04-11,2039,2702.0,Nevada
Nevada,3080156,NV,38.502032,-117.0230604,2020-04-12,2420,2836.0,Nevada
Nevada,3080156,NV,38.502032,-117.0230604,2020-04-13,2677,2990.0,Nevada
Nevada,3080156,NV,38.502032,-117.0230604,2020-04-14,2860,3134.0,Nevada
Nevada,3080156,NV,38.502032,-117.0230604,2020-04-15,2997,3211.0,Nevada
Nevada,3080156,NV,38.502032,-117.0230604,2020-04-16,3098,3214.0,Nevada
Nevada,3080156,NV,38.502032,-117.0230604,2020-04-17,3167,3524.0,Nevada
Nevada,3080156,NV,38.502032,-117.0230604,2020-04-18,3246,3626.0,Nevada
Nevada,3080156,NV,38.502032,-117.0230604,2020-04-19,3318,3728.0,Nevada
Nevada,3080156,NV,38.502032,-117.0230604,2020-04-20,3382,3830.0,Nevada
Nevada,3080156,NV,38.502032,-117.0230604,2020-04-21,3437,3937.0,Nevada
Nevada,3080156,NV,38.502032,-117.0230604,2020-04-22,3487,4081.0,Nevada
New Hampshire,1359711,NH,44.00123060000001,-71.57992309999999,2020-04-09,272,819.0,New Hampshire
New Hampshire,1359711,NH,44.00123060000001,-71.57992309999999,2020-04-10,519,819.0,New Hampshire
New Hampshire,1359711,NH,44.00123060000001,-71.57992309999999,2020-04-11,708,885.0,New Hampshire
New Hampshire,1359711,NH,44.00123060000001,-71.57992309999999,2020-04-12,846,929.0,New Hampshire
New Hampshire,1359711,NH,44.00123060000001,-71.57992309999999,2020-04-13,947,985.0,New Hampshire
New Hampshire,1359711,NH,44.00123060000001,-71.57992309999999,2020-04-14,1023,922.0,New Hampshire
New Hampshire,1359711,NH,44.00123060000001,-71.57992309999999,2020-04-15,1063,1139.0,New Hampshire
New Hampshire,1359711,NH,44.00123060000001,-71.57992309999999,2020-04-16,1116,1139.0,New Hampshire
New Hampshire,1359711,NH,44.00123060000001,-71.57992309999999,2020-04-17,1159,1287.0,New Hampshire
New Hampshire,1359711,NH,44.00123060000001,-71.57992309999999,2020-04-18,1208,1342.0,New Hampshire
New Hampshire,1359711,NH,44.00123060000001,-71.57992309999999,2020-04-19,1252,1390.0,New Hampshire
New Hampshire,1359711,NH,44.00123060000001,-71.57992309999999,2020-04-20,1289,1447.0,New Hampshire
New Hampshire,1359711,NH,44.00123060000001,-71.57992309999999,2020-04-21,1320,1490.0,New Hampshire
New Hampshire,1359711,NH,44.00123060000001,-71.57992309999999,2020-04-22,1345,1588.0,New Hampshire
New Jersey,8882190,NJ,40.1430058,-74.7311156,2020-04-09,16660,51027.0,New Jersey
New Jersey,8882190,NJ,40.1430058,-74.7311156,2020-04-10,31533,54588.0,New Jersey
New Jersey,8882190,NJ,40.1430058,-74.7311156,2020-04-11,43515,58151.00000000001,New Jersey
New Jersey,8882190,NJ,40.1430058,-74.7311156,2020-04-12,52300,61850.0,New Jersey
New Jersey,8882190,NJ,40.1430058,-74.7311156,2020-04-13,58746,64584.0,New Jersey
New Jersey,8882190,NJ,40.1430058,-74.7311156,2020-04-14,63484,68824.0,New Jersey
New Jersey,8882190,NJ,40.1430058,-74.7311156,2020-04-15,67108,71030.0,New Jersey
New Jersey,8882190,NJ,40.1430058,-74.7311156,2020-04-16,69853,75317.0,New Jersey
New Jersey,8882190,NJ,40.1430058,-74.7311156,2020-04-17,72252,78467.0,New Jersey
New Jersey,8882190,NJ,40.1430058,-74.7311156,2020-04-18,74379,81420.0,New Jersey
New Jersey,8882190,NJ,40.1430058,-74.7311156,2020-04-19,76284,85301.0,New Jersey
New Jersey,8882190,NJ,40.1430058,-74.7311156,2020-04-20,78017,88722.0,New Jersey
New Jersey,8882190,NJ,40.1430058,-74.7311156,2020-04-21,79616,92387.0,New Jersey
New Jersey,8882190,NJ,40.1430058,-74.7311156,2020-04-22,81152,95914.0,New Jersey
New Mexico,2096829,NM,34.1662325,-106.0260685,2020-04-09,312,865.0,New Mexico
New Mexico,2096829,NM,34.1662325,-106.0260685,2020-04-10,587,1081.0,New Mexico
New Mexico,2096829,NM,34.1662325,-106.0260685,2020-04-11,859,1091.0,New Mexico
New Mexico,2096829,NM,34.1662325,-106.0260685,2020-04-12,1061,1245.0,New Mexico
New Mexico,2096829,NM,34.1662325,-106.0260685,2020-04-13,1224,1261.9999999999998,New Mexico
New Mexico,2096829,NM,34.1662325,-106.0260685,2020-04-14,1341,1345.0,New Mexico
New Mexico,2096829,NM,34.1662325,-106.0260685,2020-04-15,1434,1484.0,New Mexico
New Mexico,2096829,NM,34.1662325,-106.0260685,2020-04-16,1518,1484.0,New Mexico
New Mexico,2096829,NM,34.1662325,-106.0260685,2020-04-17,1581,1597.0,New Mexico
New Mexico,2096829,NM,34.1662325,-106.0260685,2020-04-18,1639,1798.0,New Mexico
New Mexico,2096829,NM,34.1662325,-106.0260685,2020-04-19,1705,1845.0,New Mexico
New Mexico,2096829,NM,34.1662325,-106.0260685,2020-04-20,1762,1971.0,New Mexico
New Mexico,2096829,NM,34.1662325,-106.0260685,2020-04-21,1816,1971.0,New Mexico
New Mexico,2096829,NM,34.1662325,-106.0260685,2020-04-22,1857,2210.0,New Mexico
New York,19453561,NY,40.7056258,-73.97968,2020-04-09,50708,161779.0,New York
New York,19453561,NY,40.7056258,-73.97968,2020-04-10,95737,172348.0,New York
New York,19453561,NY,40.7056258,-73.97968,2020-04-11,130804,181026.0,New York
New York,19453561,NY,40.7056258,-73.97968,2020-04-12,155564,189033.0,New York
New York,19453561,NY,40.7056258,-73.97968,2020-04-13,172794,195749.0,New York
New York,19453561,NY,40.7056258,-73.97968,2020-04-14,184893,203020.0,New York
New York,19453561,NY,40.7056258,-73.97968,2020-04-15,193362,214454.0,New York
New York,19453561,NY,40.7056258,-73.97968,2020-04-16,200193,223691.0,New York
New York,19453561,NY,40.7056258,-73.97968,2020-04-17,205991,230597.0,New York
New York,19453561,NY,40.7056258,-73.97968,2020-04-18,210898,241712.0,New York
New York,19453561,NY,40.7056258,-73.97968,2020-04-19,215643,247815.0,New York
New York,19453561,NY,40.7056258,-73.97968,2020-04-20,219620,253060.0,New York
New York,19453561,NY,40.7056258,-73.97968,2020-04-21,222926,258361.0,New York
New York,19453561,NY,40.7056258,-73.97968,2020-04-22,225786,263292.0,New York
North Carolina,10488084,NC,35.2145629,-79.8912675,2020-04-09,1258,3736.0,North Carolina
North Carolina,10488084,NC,35.2145629,-79.8912675,2020-04-10,2373,3965.0,North Carolina
North Carolina,10488084,NC,35.2145629,-79.8912675,2020-04-11,3268,4354.0,North Carolina
North Carolina,10488084,NC,35.2145629,-79.8912675,2020-04-12,3956,4570.0,North Carolina
North Carolina,10488084,NC,35.2145629,-79.8912675,2020-04-13,4462,4886.0,North Carolina
North Carolina,10488084,NC,35.2145629,-79.8912675,2020-04-14,4847,5113.0,North Carolina
North Carolina,10488084,NC,35.2145629,-79.8912675,2020-04-15,5136,5340.0,North Carolina
North Carolina,10488084,NC,35.2145629,-79.8912675,2020-04-16,5361,5639.0,North Carolina
North Carolina,10488084,NC,35.2145629,-79.8912675,2020-04-17,5553,6045.0,North Carolina
North Carolina,10488084,NC,35.2145629,-79.8912675,2020-04-18,5741,6328.0,North Carolina
North Carolina,10488084,NC,35.2145629,-79.8912675,2020-04-19,5914,6601.0,North Carolina
North Carolina,10488084,NC,35.2145629,-79.8912675,2020-04-20,6069,6895.0,North Carolina
North Carolina,10488084,NC,35.2145629,-79.8912675,2020-04-21,6215,7134.0,North Carolina
North Carolina,10488084,NC,35.2145629,-79.8912675,2020-04-22,6340,7495.0,North Carolina
North Dakota,762062,ND,47.4678819,-100.3022655,2020-04-09,93,269.0,North Dakota
North Dakota,762062,ND,47.4678819,-100.3022655,2020-04-10,176,278.0,North Dakota
North Dakota,762062,ND,47.4678819,-100.3022655,2020-04-11,244,293.0,North Dakota
North Dakota,762062,ND,47.4678819,-100.3022655,2020-04-12,296,308.0,North Dakota
North Dakota,762062,ND,47.4678819,-100.3022655,2020-04-13,335,331.0,North Dakota
North Dakota,762062,ND,47.4678819,-100.3022655,2020-04-14,365,341.0,North Dakota
North Dakota,762062,ND,47.4678819,-100.3022655,2020-04-15,387,365.0,North Dakota
North Dakota,762062,ND,47.4678819,-100.3022655,2020-04-16,407,393.0,North Dakota
North Dakota,762062,ND,47.4678819,-100.3022655,2020-04-17,426,393.0,North Dakota
North Dakota,762062,ND,47.4678819,-100.3022655,2020-04-18,442,528.0,North Dakota
North Dakota,762062,ND,47.4678819,-100.3022655,2020-04-19,471,585.0,North Dakota
North Dakota,762062,ND,47.4678819,-100.3022655,2020-04-20,503,627.0,North Dakota
North Dakota,762062,ND,47.4678819,-100.3022655,2020-04-21,532,644.0,North Dakota
North Dakota,762062,ND,47.4678819,-100.3022655,2020-04-22,554,679.0,North Dakota
Ohio,11689100,OH,40.1903624,-82.6692525,2020-04-09,1944,5512.0,Ohio
Ohio,11689100,OH,40.1903624,-82.6692525,2020-04-10,3656,5878.0,Ohio
Ohio,11689100,OH,40.1903624,-82.6692525,2020-04-11,5101,6250.0,Ohio
Ohio,11689100,OH,40.1903624,-82.6692525,2020-04-12,6214,6604.0,Ohio
Ohio,11689100,OH,40.1903624,-82.6692525,2020-04-13,7052,6975.0,Ohio
Ohio,11689100,OH,40.1903624,-82.6692525,2020-04-14,7687,7284.999999999999,Ohio
Ohio,11689100,OH,40.1903624,-82.6692525,2020-04-15,8161,7794.0,Ohio
Ohio,11689100,OH,40.1903624,-82.6692525,2020-04-16,8584,8414.0,Ohio
Ohio,11689100,OH,40.1903624,-82.6692525,2020-04-17,8989,9107.0,Ohio
Ohio,11689100,OH,40.1903624,-82.6692525,2020-04-18,9419,10222.0,Ohio
Ohio,11689100,OH,40.1903624,-82.6692525,2020-04-19,9897,11602.0,Ohio
Ohio,11689100,OH,40.1903624,-82.6692525,2020-04-20,10438,12919.0,Ohio
Ohio,11689100,OH,40.1903624,-82.6692525,2020-04-21,10995,13725.0,Ohio
Ohio,11689100,OH,40.1903624,-82.6692525,2020-04-22,11479,14116.999999999998,Ohio
Oklahoma,3956971,OK,35.3097654,-98.7165585,2020-04-09,522,1686.0,Oklahoma
Oklahoma,3956971,OK,35.3097654,-98.7165585,2020-04-10,1001,1794.0,Oklahoma
Oklahoma,3956971,OK,35.3097654,-98.7165585,2020-04-11,1382,1868.0,Oklahoma
Oklahoma,3956971,OK,35.3097654,-98.7165585,2020-04-12,1655,1970.0,Oklahoma
Oklahoma,3956971,OK,35.3097654,-98.7165585,2020-04-13,1847,2069.0,Oklahoma
Oklahoma,3956971,OK,35.3097654,-98.7165585,2020-04-14,1980,2184.0,Oklahoma
Oklahoma,3956971,OK,35.3097654,-98.7165585,2020-04-15,2085,2263.0,Oklahoma
Oklahoma,3956971,OK,35.3097654,-98.7165585,2020-04-16,2165,2357.0,Oklahoma
Oklahoma,3956971,OK,35.3097654,-98.7165585,2020-04-17,2233,2465.0,Oklahoma
Oklahoma,3956971,OK,35.3097654,-98.7165585,2020-04-18,2292,2465.0,Oklahoma
Oklahoma,3956971,OK,35.3097654,-98.7165585,2020-04-19,2334,2567.0,Oklahoma
Oklahoma,3956971,OK,35.3097654,-98.7165585,2020-04-20,2374,2680.0,Oklahoma
Oklahoma,3956971,OK,35.3097654,-98.7165585,2020-04-21,2413,2807.0,Oklahoma
Oklahoma,3956971,OK,35.3097654,-98.7165585,2020-04-22,2455,2894.0,Oklahoma
Oregon,4217737,OR,44.1419049,-120.5380993,2020-04-09,399,1321.0,Oregon
Oregon,4217737,OR,44.1419049,-120.5380993,2020-04-10,765,1322.0,Oregon
Oregon,4217737,OR,44.1419049,-120.5380993,2020-04-11,1038,1371.0,Oregon
Oregon,4217737,OR,44.1419049,-120.5380993,2020-04-12,1223,1527.0,Oregon
Oregon,4217737,OR,44.1419049,-120.5380993,2020-04-13,1362,1584.0,Oregon
Oregon,4217737,OR,44.1419049,-120.5380993,2020-04-14,1460,1633.0,Oregon
Oregon,4217737,OR,44.1419049,-120.5380993,2020-04-15,1531,1663.0,Oregon
Oregon,4217737,OR,44.1419049,-120.5380993,2020-04-16,1583,1736.0,Oregon
Oregon,4217737,OR,44.1419049,-120.5380993,2020-04-17,1623,1785.0,Oregon
Oregon,4217737,OR,44.1419049,-120.5380993,2020-04-18,1656,1844.0,Oregon
Oregon,4217737,OR,44.1419049,-120.5380993,2020-04-19,1686,1910.0,Oregon
Oregon,4217737,OR,44.1419049,-120.5380993,2020-04-20,1715,1957.0,Oregon
Oregon,4217737,OR,44.1419049,-120.5380993,2020-04-21,1741,2004.0,Oregon
Oregon,4217737,OR,44.1419049,-120.5380993,2020-04-22,1764,2059.0,Oregon
Pennsylvania,12801989,PA,40.99459279999999,-77.6046984,2020-04-09,5846,18300.0,Pennsylvania
Pennsylvania,12801989,PA,40.99459279999999,-77.6046984,2020-04-10,11137,20051.0,Pennsylvania
Pennsylvania,12801989,PA,40.99459279999999,-77.6046984,2020-04-11,15602,21719.0,Pennsylvania
Pennsylvania,12801989,PA,40.99459279999999,-77.6046984,2020-04-12,18997,22938.0,Pennsylvania
Pennsylvania,12801989,PA,40.99459279999999,-77.6046984,2020-04-13,21485,24292.0,Pennsylvania
Pennsylvania,12801989,PA,40.99459279999999,-77.6046984,2020-04-14,23356,25465.0,Pennsylvania
Pennsylvania,12801989,PA,40.99459279999999,-77.6046984,2020-04-15,24757,26753.0,Pennsylvania
Pennsylvania,12801989,PA,40.99459279999999,-77.6046984,2020-04-16,25880,28258.0,Pennsylvania
Pennsylvania,12801989,PA,40.99459279999999,-77.6046984,2020-04-17,26855,29888.0,Pennsylvania
Pennsylvania,12801989,PA,40.99459279999999,-77.6046984,2020-04-18,27763,31652.0,Pennsylvania
Pennsylvania,12801989,PA,40.99459279999999,-77.6046984,2020-04-19,28616,32902.0,Pennsylvania
Pennsylvania,12801989,PA,40.99459279999999,-77.6046984,2020-04-20,29365,33914.0,Pennsylvania
Pennsylvania,12801989,PA,40.99459279999999,-77.6046984,2020-04-21,29994,35249.0,Pennsylvania
Pennsylvania,12801989,PA,40.99459279999999,-77.6046984,2020-04-22,30567,36082.0,Pennsylvania
Rhode Island,1059361,RI,41.5827282,-71.5064508,2020-04-09,593,1727.0,Rhode Island
Rhode Island,1059361,RI,41.5827282,-71.5064508,2020-04-10,1173,1727.0,Rhode Island
Rhode Island,1059361,RI,41.5827282,-71.5064508,2020-04-11,1638,2349.0,Rhode Island
Rhode Island,1059361,RI,41.5827282,-71.5064508,2020-04-12,2122,2665.0,Rhode Island
Rhode Island,1059361,RI,41.5827282,-71.5064508,2020-04-13,2570,2665.0,Rhode Island
Rhode Island,1059361,RI,41.5827282,-71.5064508,2020-04-14,2903,3251.0,Rhode Island
Rhode Island,1059361,RI,41.5827282,-71.5064508,2020-04-15,3234,3251.0,Rhode Island
Rhode Island,1059361,RI,41.5827282,-71.5064508,2020-04-16,3484,3529.0000000000005,Rhode Island
Rhode Island,1059361,RI,41.5827282,-71.5064508,2020-04-17,3702,4177.0,Rhode Island
Rhode Island,1059361,RI,41.5827282,-71.5064508,2020-04-18,3954,4491.0,Rhode Island
Rhode Island,1059361,RI,41.5827282,-71.5064508,2020-04-19,4205,4706.0,Rhode Island
Rhode Island,1059361,RI,41.5827282,-71.5064508,2020-04-20,4415,5090.0,Rhode Island
Rhode Island,1059361,RI,41.5827282,-71.5064508,2020-04-21,4603,5500.0,Rhode Island
Rhode Island,1059361,RI,41.5827282,-71.5064508,2020-04-22,4782,5841.0,Rhode Island
South Carolina,5148714,SC,33.62505,-80.9470381,2020-04-09,862,2793.0,South Carolina
South Carolina,5148714,SC,33.62505,-80.9470381,2020-04-10,1680,3067.0,South Carolina
South Carolina,5148714,SC,33.62505,-80.9470381,2020-04-11,2349,3211.0,South Carolina
South Carolina,5148714,SC,33.62505,-80.9470381,2020-04-12,2824,3320.0,South Carolina
South Carolina,5148714,SC,33.62505,-80.9470381,2020-04-13,3144,3390.9999999999995,South Carolina
South Carolina,5148714,SC,33.62505,-80.9470381,2020-04-14,3357,3553.0000000000005,South Carolina
South Carolina,5148714,SC,33.62505,-80.9470381,2020-04-15,3515,3656.0,South Carolina
South Carolina,5148714,SC,33.62505,-80.9470381,2020-04-16,3633,3931.0,South Carolina
South Carolina,5148714,SC,33.62505,-80.9470381,2020-04-17,3740,4099.0,South Carolina
South Carolina,5148714,SC,33.62505,-80.9470381,2020-04-18,3840,4248.0,South Carolina
South Carolina,5148714,SC,33.62505,-80.9470381,2020-04-19,3929,4377.0,South Carolina
South Carolina,5148714,SC,33.62505,-80.9470381,2020-04-20,4006,4446.0,South Carolina
South Carolina,5148714,SC,33.62505,-80.9470381,2020-04-21,4065,4439.0,South Carolina
South Carolina,5148714,SC,33.62505,-80.9470381,2020-04-22,4105,4761.0,South Carolina
South Dakota,884659,SD,44.2126995,-100.2471641,2020-04-09,163,447.0,South Dakota
South Dakota,884659,SD,44.2126995,-100.2471641,2020-04-10,316,536.0,South Dakota
South Dakota,884659,SD,44.2126995,-100.2471641,2020-04-11,466,626.0,South Dakota
South Dakota,884659,SD,44.2126995,-100.2471641,2020-04-12,603,730.0,South Dakota
South Dakota,884659,SD,44.2126995,-100.2471641,2020-04-13,730,868.0,South Dakota
South Dakota,884659,SD,44.2126995,-100.2471641,2020-04-14,853,988.0,South Dakota
South Dakota,884659,SD,44.2126995,-100.2471641,2020-04-15,969,1168.0,South Dakota
South Dakota,884659,SD,44.2126995,-100.2471641,2020-04-16,1087,1311.0,South Dakota
South Dakota,884659,SD,44.2126995,-100.2471641,2020-04-17,1198,1411.0,South Dakota
South Dakota,884659,SD,44.2126995,-100.2471641,2020-04-18,1294,1542.0,South Dakota
South Dakota,884659,SD,44.2126995,-100.2471641,2020-04-19,1378,1635.0,South Dakota
South Dakota,884659,SD,44.2126995,-100.2471641,2020-04-20,1450,1685.0,South Dakota
South Dakota,884659,SD,44.2126995,-100.2471641,2020-04-21,1505,1755.0,South Dakota
South Dakota,884659,SD,44.2126995,-100.2471641,2020-04-22,1550,1858.0,South Dakota
Tennessee,6829174,TN,35.83052100000001,-85.97859890000002,2020-04-09,1444,4634.0,Tennessee
Tennessee,6829174,TN,35.83052100000001,-85.97859890000002,2020-04-10,2708,4891.0,Tennessee
Tennessee,6829174,TN,35.83052100000001,-85.97859890000002,2020-04-11,3684,5132.0,Tennessee
Tennessee,6829174,TN,35.83052100000001,-85.97859890000002,2020-04-12,4374,5508.0,Tennessee
Tennessee,6829174,TN,35.83052100000001,-85.97859890000002,2020-04-13,4873,5610.0,Tennessee
Tennessee,6829174,TN,35.83052100000001,-85.97859890000002,2020-04-14,5205,5827.0,Tennessee
Tennessee,6829174,TN,35.83052100000001,-85.97859890000002,2020-04-15,5440,5827.0,Tennessee
Tennessee,6829174,TN,35.83052100000001,-85.97859890000002,2020-04-16,5599,6166.0,Tennessee
Tennessee,6829174,TN,35.83052100000001,-85.97859890000002,2020-04-17,5741,6263.0,Tennessee
Tennessee,6829174,TN,35.83052100000001,-85.97859890000002,2020-04-18,5855,6589.0,Tennessee
Tennessee,6829174,TN,35.83052100000001,-85.97859890000002,2020-04-19,5964,7070.0,Tennessee
Tennessee,6829174,TN,35.83052100000001,-85.97859890000002,2020-04-20,6092,7238.0,Tennessee
Tennessee,6829174,TN,35.83052100000001,-85.97859890000002,2020-04-21,6209,7394.0,Tennessee
Tennessee,6829174,TN,35.83052100000001,-85.97859890000002,2020-04-22,6307,7394.0,Tennessee
Texas,28995881,TX,31.1693363,-100.0768425,2020-04-09,3496,11208.0,Texas
Texas,28995881,TX,31.1693363,-100.0768425,2020-04-10,6774,12105.0,Texas
Texas,28995881,TX,31.1693363,-100.0768425,2020-04-11,9491,13023.000000000002,Texas
Texas,28995881,TX,31.1693363,-100.0768425,2020-04-12,11524,13677.0,Texas
Texas,28995881,TX,31.1693363,-100.0768425,2020-04-13,12974,14275.0,Texas
Texas,28995881,TX,31.1693363,-100.0768425,2020-04-14,14000,15006.0,Texas
Texas,28995881,TX,31.1693363,-100.0768425,2020-04-15,14783,15907.0,Texas
Texas,28995881,TX,31.1693363,-100.0768425,2020-04-16,15428,16876.0,Texas
Texas,28995881,TX,31.1693363,-100.0768425,2020-04-17,16015,17849.0,Texas
Texas,28995881,TX,31.1693363,-100.0768425,2020-04-18,16571,18704.0,Texas
Texas,28995881,TX,31.1693363,-100.0768425,2020-04-19,17069,19260.0,Texas
Texas,28995881,TX,31.1693363,-100.0768425,2020-04-20,17484,19751.0,Texas
Texas,28995881,TX,31.1693363,-100.0768425,2020-04-21,17821,20574.0,Texas
Texas,28995881,TX,31.1693363,-100.0768425,2020-04-22,18129,21321.0,Texas
Utah,3205958,UT,39.4997605,-111.547028,2020-04-09,640,1856.0,Utah
Utah,3205958,UT,39.4997605,-111.547028,2020-04-10,1188,2103.0,Utah
Utah,3205958,UT,39.4997605,-111.547028,2020-04-11,1642,2207.0,Utah
Utah,3205958,UT,39.4997605,-111.547028,2020-04-12,1972,2303.0,Utah
Utah,3205958,UT,39.4997605,-111.547028,2020-04-13,2202,2363.0,Utah
Utah,3205958,UT,39.4997605,-111.547028,2020-04-14,2359,2417.0,Utah
Utah,3205958,UT,39.4997605,-111.547028,2020-04-15,2466,2548.0,Utah
Utah,3205958,UT,39.4997605,-111.547028,2020-04-16,2550,2683.0,Utah
Utah,3205958,UT,39.4997605,-111.547028,2020-04-17,2624,2793.0,Utah
Utah,3205958,UT,39.4997605,-111.547028,2020-04-18,2693,2917.0,Utah
Utah,3205958,UT,39.4997605,-111.547028,2020-04-19,2757,3069.0,Utah
Utah,3205958,UT,39.4997605,-111.547028,2020-04-20,2818,3213.0,Utah
Utah,3205958,UT,39.4997605,-111.547028,2020-04-21,2877,3297.0,Utah
Utah,3205958,UT,39.4997605,-111.547028,2020-04-22,2928,3445.0,Utah
Vermont,623989,VT,43.8717545,-72.4477828,2020-04-09,187,628.0,Vermont
Vermont,623989,VT,43.8717545,-72.4477828,2020-04-10,348,679.0,Vermont
Vermont,623989,VT,43.8717545,-72.4477828,2020-04-11,469,711.0,Vermont
Vermont,623989,VT,43.8717545,-72.4477828,2020-04-12,552,727.0,Vermont
Vermont,623989,VT,43.8717545,-72.4477828,2020-04-13,606,748.0,Vermont
Vermont,623989,VT,43.8717545,-72.4477828,2020-04-14,641,752.0,Vermont
Vermont,623989,VT,43.8717545,-72.4477828,2020-04-15,663,759.0,Vermont
Vermont,623989,VT,43.8717545,-72.4477828,2020-04-16,677,774.0,Vermont
Vermont,623989,VT,43.8717545,-72.4477828,2020-04-17,688,779.0,Vermont
Vermont,623989,VT,43.8717545,-72.4477828,2020-04-18,695,803.0,Vermont
Vermont,623989,VT,43.8717545,-72.4477828,2020-04-19,702,813.0,Vermont
Vermont,623989,VT,43.8717545,-72.4477828,2020-04-20,709,816.0,Vermont
Vermont,623989,VT,43.8717545,-72.4477828,2020-04-21,713,818.0,Vermont
Vermont,623989,VT,43.8717545,-72.4477828,2020-04-22,717,823.0,Vermont
Virginia,8535519,VA,38.0033855,-79.4587861,2020-04-09,1402,4042.0,Virginia
Virginia,8535519,VA,38.0033855,-79.4587861,2020-04-10,2679,4509.0,Virginia
Virginia,8535519,VA,38.0033855,-79.4587861,2020-04-11,3797,5077.0,Virginia
Virginia,8535519,VA,38.0033855,-79.4587861,2020-04-12,4721,5274.0,Virginia
Virginia,8535519,VA,38.0033855,-79.4587861,2020-04-13,5417,5747.000000000001,Virginia
Virginia,8535519,VA,38.0033855,-79.4587861,2020-04-14,5972,6182.000000000001,Virginia
Virginia,8535519,VA,38.0033855,-79.4587861,2020-04-15,6426,6500.000000000001,Virginia
Virginia,8535519,VA,38.0033855,-79.4587861,2020-04-16,6795,6889.0,Virginia
Virginia,8535519,VA,38.0033855,-79.4587861,2020-04-17,7107,7491.0,Virginia
Virginia,8535519,VA,38.0033855,-79.4587861,2020-04-18,7419,8053.0,Virginia
Virginia,8535519,VA,38.0033855,-79.4587861,2020-04-19,7731,8542.0,Virginia
Virginia,8535519,VA,38.0033855,-79.4587861,2020-04-20,8019,8990.0,Virginia
Virginia,8535519,VA,38.0033855,-79.4587861,2020-04-21,8279,9630.0,Virginia
Virginia,8535519,VA,38.0033855,-79.4587861,2020-04-22,8526,10266.0,Virginia
Washington,7614893,WA,38.8993487,-77.0145665,2020-04-09,2891,9639.0,Washington
Washington,7614893,WA,38.8993487,-77.0145665,2020-04-10,5349,10119.0,Washington
Washington,7614893,WA,38.8993487,-77.0145665,2020-04-11,7152,10434.0,Washington
Washington,7614893,WA,38.8993487,-77.0145665,2020-04-12,8356,10609.0,Washington
Washington,7614893,WA,38.8993487,-77.0145665,2020-04-13,9127,10635.0,Washington
Washington,7614893,WA,38.8993487,-77.0145665,2020-04-14,9606,10799.0,Washington
Washington,7614893,WA,38.8993487,-77.0145665,2020-04-15,9901,10942.0,Washington
Washington,7614893,WA,38.8993487,-77.0145665,2020-04-16,10096,11057.0,Washington
Washington,7614893,WA,38.8993487,-77.0145665,2020-04-17,10229,11517.0,Washington
Washington,7614893,WA,38.8993487,-77.0145665,2020-04-18,10364,11776.0,Washington
Washington,7614893,WA,38.8993487,-77.0145665,2020-04-19,10495,11978.0,Washington
Washington,7614893,WA,38.8993487,-77.0145665,2020-04-20,10608,12114.0,Washington
Washington,7614893,WA,38.8993487,-77.0145665,2020-04-21,10702,12562.999999999998,Washington
Washington,7614893,WA,38.8993487,-77.0145665,2020-04-22,10806,12051.0,Washington
West Virginia,1792147,WV,38.92017050000001,-80.1816905,2020-04-09,167,514.0,West Virginia
West Virginia,1792147,WV,38.92017050000001,-80.1816905,2020-04-10,315,574.0,West Virginia
West Virginia,1792147,WV,38.92017050000001,-80.1816905,2020-04-11,437,577.0,West Virginia
West Virginia,1792147,WV,38.92017050000001,-80.1816905,2020-04-12,522,593.0,West Virginia
West Virginia,1792147,WV,38.92017050000001,-80.1816905,2020-04-13,580,611.0,West Virginia
West Virginia,1792147,WV,38.92017050000001,-80.1816905,2020-04-14,619,640.0,West Virginia
West Virginia,1792147,WV,38.92017050000001,-80.1816905,2020-04-15,649,702.0,West Virginia
West Virginia,1792147,WV,38.92017050000001,-80.1816905,2020-04-16,678,728.0,West Virginia
West Virginia,1792147,WV,38.92017050000001,-80.1816905,2020-04-17,702,775.0,West Virginia
West Virginia,1792147,WV,38.92017050000001,-80.1816905,2020-04-18,726,785.0,West Virginia
West Virginia,1792147,WV,38.92017050000001,-80.1816905,2020-04-19,744,890.0,West Virginia
West Virginia,1792147,WV,38.92017050000001,-80.1816905,2020-04-20,767,902.0,West Virginia
West Virginia,1792147,WV,38.92017050000001,-80.1816905,2020-04-21,786,908.0,West Virginia
West Virginia,1792147,WV,38.92017050000001,-80.1816905,2020-04-22,800,939.0,West Virginia
Wisconsin,5822434,WI,44.7862968,-89.82670490000002,2020-04-09,934,2886.0,Wisconsin
Wisconsin,5822434,WI,44.7862968,-89.82670490000002,2020-04-10,1759,3068.0,Wisconsin
Wisconsin,5822434,WI,44.7862968,-89.82670490000002,2020-04-11,2405,3213.0,Wisconsin
Wisconsin,5822434,WI,44.7862968,-89.82670490000002,2020-04-12,2860,3341.0,Wisconsin
Wisconsin,5822434,WI,44.7862968,-89.82670490000002,2020-04-13,3177,3428.0,Wisconsin
Wisconsin,5822434,WI,44.7862968,-89.82670490000002,2020-04-14,3390,3555.0000000000005,Wisconsin
Wisconsin,5822434,WI,44.7862968,-89.82670490000002,2020-04-15,3540,3721.0,Wisconsin
Wisconsin,5822434,WI,44.7862968,-89.82670490000002,2020-04-16,3656,3875.0,Wisconsin
Wisconsin,5822434,WI,44.7862968,-89.82670490000002,2020-04-17,3755,4053.0,Wisconsin
Wisconsin,5822434,WI,44.7862968,-89.82670490000002,2020-04-18,3845,4199.0,Wisconsin
Wisconsin,5822434,WI,44.7862968,-89.82670490000002,2020-04-19,3929,4346.0,Wisconsin
Wisconsin,5822434,WI,44.7862968,-89.82670490000002,2020-04-20,4004,4499.0,Wisconsin
Wisconsin,5822434,WI,44.7862968,-89.82670490000002,2020-04-21,4073,4625.0,Wisconsin
Wisconsin,5822434,WI,44.7862968,-89.82670490000002,2020-04-22,4131,4845.0,Wisconsin
Wyoming,578759,WY,43.000325,-107.5545669,2020-04-09,74,230.0,Wyoming
Wyoming,578759,WY,43.000325,-107.5545669,2020-04-10,139,239.0,Wyoming
Wyoming,578759,WY,43.000325,-107.5545669,2020-04-11,191,261.0,Wyoming
Wyoming,578759,WY,43.000325,-107.5545669,2020-04-12,231,270.0,Wyoming
Wyoming,578759,WY,43.000325,-107.5545669,2020-04-13,260,275.0,Wyoming
Wyoming,578759,WY,43.000325,-107.5545669,2020-04-14,279,282.0,Wyoming
Wyoming,578759,WY,43.000325,-107.5545669,2020-04-15,292,287.0,Wyoming
Wyoming,578759,WY,43.000325,-107.5545669,2020-04-16,301,296.0,Wyoming
Wyoming,578759,WY,43.000325,-107.5545669,2020-04-17,308,305.0,Wyoming
Wyoming,578759,WY,43.000325,-107.5545669,2020-04-18,315,309.0,Wyoming
Wyoming,578759,WY,43.000325,-107.5545669,2020-04-19,321,313.0,Wyoming
Wyoming,578759,WY,43.000325,-107.5545669,2020-04-20,326,317.0,Wyoming
Wyoming,578759,WY,43.000325,-107.5545669,2020-04-21,330,443.0,Wyoming
Wyoming,578759,WY,43.000325,-107.5545669,2020-04-22,346,447.0,Wyoming
